inquisit.build,computer.platform,startdate,starttime,subjectid,sessionid,elapsedtime,completed,Reward_N2_1,fixedAmount_N2_1,IP12_1,Reward_N2_2,fixedAmount_N2_2,IP12_2,Reward_N2_3,fixedAmount_N2_3,IP12_3,Reward_N3_1,fixedAmount_N3_1,IP13_1,Reward_N3_2,fixedAmount_N3_2,IP13_2,Reward_N3_3,fixedAmount_N3_3,IP13_3,Reward_N4_1,fixedAmount_N4_1,IP14_1,Reward_N4_2,fixedAmount_N4_2,IP14_2,Reward_N4_3,fixedAmount_N4_3,IP14_3,Reward_N5_1,fixedAmount_N5_1,IP15_1,Reward_N5_2,fixedAmount_N5_2,IP15_2,Reward_N5_3,fixedAmount_N5_3,IP15_3,Reward_N6_1,fixedAmount_N6_1,IP16_1,Reward_N6_2,fixedAmount_N6_2,IP16_2,Reward_N6_3,fixedAmount_N6_3,IP16_3,TotalWinAmount,finalN,finalReward,hitrate_N1,CRrate_N1,hitrate_N2,CRrate_N2,hitrate_N3,CRrate_N3,hitrate_N4,CRrate_N4,hitrate_N5,CRrate_N5,hitrate_N6,CRrate_N6,mentaldemand_1,physicaldemand_1,temporaldemand_1,performance_1,effort_1,frustration_1,mentaldemand_2,physicaldemand_2,temporaldemand_2,performance_2,effort_2,frustration_2,mentaldemand_3,physicaldemand_3,temporaldemand_3,performance_3,effort_3,frustration_3,mentaldemand_4,physicaldemand_4,temporaldemand_4,performance_4,effort_4,frustration_4,mentaldemand_5,physicaldemand_5,temporaldemand_5,performance_5,effort_5,frustration_5,mentaldemand_6,physicaldemand_6,temporaldemand_6,performance_6,effort_6,frustration_6
6265,win,3/10/21,12:06:50,59,1,1125473,1,2,X,0.65625,3,X,1.546875,4,1,3.9375,2,X,1.03125,3,X,1.171875,4,X,0.0625,2,X,0.03125,3,X,1.171875,4,X,0.0625,2,NA,not run,3,NA,not run,4,NA,not run,2,NA,not run,3,NA,not run,4,NA,not run,0.0625,1,0.0625,0.8,0.733333333,0.8,1,1,0.866666667,0.2,0.733333333,0,0,0,0,17,9,18,5,15,21,15,9,16,8,15,20,17,6,19,19,17,21,21,4,12,1,19,21,NA,NA,NA,NA,NA,NA,NA,NA,NA,NA,NA,NA
6265,win,3/10/21,12:18:48,57,1,1393599,1,2,X,1.96875,3,X,2.203125,4,X,3.9375,2,X,1.46875,3,X,2.953125,4,X,3.9375,2,X,0.96875,3,X,2.953125,4,1,3.9375,2,NA,not run,3,NA,not run,4,NA,not run,2,NA,not run,3,NA,not run,4,NA,not run,3,3,3,0.4,0.333333333,0.4,0.733333333,0.2,0.466666667,0.6,0.6,0,0,0,0,18,7,17,11,10,11,16,15,16,16,17,16,14,16,15,15,15,9,17,16,16,16,15,9,NA,NA,NA,NA,NA,NA,NA,NA,NA,NA,NA,NA
6265,mac,3/10/21,11:25:59,49,1,868262,0,2,X,0.96875,3,X,1.921875,4,X,1.9375,2,X,0.46875,3,X,0.703125,4,X,0.4375,2,X,0.09375,3,X,0.328125,4,X,0.1875,2,NA,not run,3,NA,not run,4,NA,not run,2,NA,not run,3,NA,not run,4,NA,not run,2,3,2,1,1,1,1,1,0.866666667,0.6,1,0,0,0,0,3,3,3,21,4,4,7,3,3,21,9,5,15,4,14,14,12,13,19,4,17,5,16,14,NA,NA,NA,NA,NA,NA,NA,NA,NA,NA,NA,NA
6265,win,3/10/21,12:36:02,9,1,845668,1,2,X,0.46875,3,X,2.953125,4,X,0.9375,2,X,0.59375,3,X,0.140625,4,X,1.1875,2,X,0.15625,3,X,0.234375,4,X,0.0625,2,NA,not run,3,NA,not run,4,NA,not run,2,NA,not run,3,NA,not run,4,NA,not run,2,1,2,0.8,1,1,1,0.6,0.666666667,0.4,0.733333333,0,0,0,0,7,6,6,15,8,10,14,5,9,20,14,14,18,2,8,10,16,16,21,3,18,5,13,21,NA,NA,NA,NA,NA,NA,NA,NA,NA,NA,NA,NA
6265,win,3/10/21,16:42:16,51,1,1104889,1,2,X,1.28125,3,X,1.546875,4,X,2.5625,2,X,0.09375,3,X,0.796875,4,X,0.4375,2,X,0.09375,3,X,0.328125,4,X,0.4375,2,NA,not run,3,NA,not run,4,NA,not run,2,NA,not run,3,NA,not run,4,NA,not run,1,1,1,1,1,1,1,0.8,0.933333333,0.6,0.666666667,0,0,0,0,4,1,8,20,6,7,13,3,10,21,13,7,16,3,14,15,15,13,19,3,20,10,18,15,NA,NA,NA,NA,NA,NA,NA,NA,NA,NA,NA,NA
6265,mac,3/10/21,19:32:18,36,1,909965,0,2,1,1.84375,3,1,2.484375,4,1,3.9375,2,X,0.21875,3,X,1.078125,4,X,0.4375,2,X,0.09375,3,X,0.234375,4,X,0.4375,2,NA,not run,3,NA,not run,4,NA,not run,2,NA,not run,3,NA,not run,4,NA,not run,2,1,2,1,0.933333333,1,0.933333333,0.8,0.866666667,0.6,0.733333333,0,0,0,0,8,2,11,19,8,8,14,8,11,16,15,13,16,8,13,15,16,14,18,7,12,14,15,15,NA,NA,NA,NA,NA,NA,NA,NA,NA,NA,NA,NA
6265,win,3/10/21,22:41:19,27,1,963497,1,2,X,1.96875,3,X,2.953125,4,X,3.1875,2,X,0.96875,3,X,1.640625,4,X,1.9375,2,X,1.03125,3,X,1.171875,4,X,1.9375,2,NA,not run,3,NA,not run,4,NA,not run,2,NA,not run,3,NA,not run,4,NA,not run,4,4,4,0.8,0.133333333,1,0.733333333,1,0.933333333,1,0.933333333,0,0,0,0,6,3,9,1,13,18,18,4,12,14,15,14,17,4,14,19,19,17,17,5,17,20,20,18,NA,NA,NA,NA,NA,NA,NA,NA,NA,NA,NA,NA
6265,win,3/11/21,10:19:40,14,1,1256566,1,2,X,1.90625,3,1,2.953125,4,X,3.5625,2,X,0.84375,3,X,1.453125,4,X,0.4375,2,X,0.96875,3,X,0.703125,4,X,1.8125,2,NA,not run,3,NA,not run,4,NA,not run,2,NA,not run,3,NA,not run,4,NA,not run,3,3,3,1,0.933333333,1,0.933333333,0.4,0.866666667,0.4,0.8,0,0,0,0,7,3,11,15,8,12,14,4,9,15,14,13,15,9,16,8,15,17,19,8,18,5,18,18,NA,NA,NA,NA,NA,NA,NA,NA,NA,NA,NA,NA
6265,win,3/16/21,14:06:48,52,1,1608803,1,2,X,1.96875,3,X,2.953125,4,1,2.9375,2,X,1.90625,3,1,2.953125,4,X,2.5625,2,1,1.96875,3,X,0.890625,4,X,1.0625,2,NA,not run,3,NA,not run,4,NA,not run,2,NA,not run,3,NA,not run,4,NA,not run,3,1,3,0.2,0.666666667,0,0.533333333,0,0.933333333,0.6,1,0,0,0,0,14,1,16,2,14,14,21,1,14,1,8,16,19,1,8,13,15,15,21,1,8,16,16,16,NA,NA,NA,NA,NA,NA,NA,NA,NA,NA,NA,NA
6265,win,3/16/21,14:38:07,44,1,715875,1,2,1,0.40625,3,X,0.046875,4,X,1.8125,2,X,0.96875,3,1,0.234375,4,X,0.3125,2,1,0.34375,3,1,0.890625,4,1,0.5625,2,NA,not run,3,NA,not run,4,NA,not run,2,NA,not run,3,NA,not run,4,NA,not run,0.5,1,0.5,0.6,0.066666667,1,0.2,1,0.2,0.6,0.266666667,0,0,0,0,18,17,20,15,11,19,15,16,20,14,16,18,8,17,16,15,18,18,18,16,20,17,19,20,NA,NA,NA,NA,NA,NA,NA,NA,NA,NA,NA,NA
6265,win,3/16/21,16:10:17,22,1,1238184,1,2,X,1.96875,3,X,2.953125,4,X,3.9375,2,X,1.96875,3,X,2.953125,4,X,3.9375,2,X,1.96875,3,1,2.953125,4,1,3.9375,2,NA,not run,3,NA,not run,4,NA,not run,2,NA,not run,3,NA,not run,4,NA,not run,2,3,2,0.8,0.933333333,1,0.6,0.6,0.866666667,1,0.533333333,0,0,0,0,16,1,14,16,8,16,14,1,14,17,7,15,16,1,13,16,9,16,17,1,14,16,8,15,NA,NA,NA,NA,NA,NA,NA,NA,NA,NA,NA,NA
6265,win,3/16/21,14:51:42,39,1,976892,1,2,X,1.21875,3,X,1.828125,4,X,1.9375,2,X,0.03125,3,X,0.046875,4,X,0.0625,2,X,0.03125,3,X,0.046875,4,X,0.0625,2,NA,not run,3,NA,not run,4,NA,not run,2,NA,not run,3,NA,not run,4,NA,not run,0.75,1,0.75,0.6,0.466666667,0.8,0.733333333,0.6,0.866666667,0.8,0.733333333,0,0,0,0,10,3,8,8,16,13,13,5,9,15,17,9,17,6,8,15,16,13,17,6,10,17,16,10,NA,NA,NA,NA,NA,NA,NA,NA,NA,NA,NA,NA
6265,win,3/16/21,19:56:52,17,1,814955,1,2,X,1.40625,3,X,2.015625,4,X,2.9375,2,X,0.96875,3,X,2.109375,4,X,2.9375,2,X,0.96875,3,X,2.109375,4,X,2.9375,2,NA,not run,3,NA,not run,4,NA,not run,2,NA,not run,3,NA,not run,4,NA,not run,2.0625,1,2.0625,0.6,0.866666667,0.8,1,0.6,0.8,0.8,0.733333333,0,0,0,0,5,5,4,8,7,13,13,9,9,10,13,9,8,6,9,7,10,8,9,8,8,13,8,8,NA,NA,NA,NA,NA,NA,NA,NA,NA,NA,NA,NA
6265,win,3/18/21,00:44:36,30,1,1064905,1,2,X,0.03125,3,X,0.046875,4,X,0.0625,2,X,0.03125,3,X,0.046875,4,X,0.0625,2,X,0.03125,3,X,0.046875,4,X,0.0625,2,NA,not run,3,NA,not run,4,NA,not run,2,NA,not run,3,NA,not run,4,NA,not run,1.5,1,1.5,0.8,0.866666667,1,0.466666667,0.4,0.333333333,0.2,0.2,0,0,0,0,12,14,10,18,18,6,14,14,9,9,9,12,14,14,7,8,9,12,15,15,8,7,7,12,NA,NA,NA,NA,NA,NA,NA,NA,NA,NA,NA,NA
6265,win,3/24/21,08:17:02,56,1,1092743,1,2,X,1.96875,3,X,2.953125,4,X,3.9375,2,X,0.09375,3,X,0.046875,4,X,0.0625,2,X,0.03125,3,X,0.046875,4,X,0.0625,2,NA,not run,3,NA,not run,4,NA,not run,2,NA,not run,3,NA,not run,4,NA,not run,2,2,2,1,1,1,1,0.8,0.933333333,0.8,0.733333333,0,0,0,0,3,1,7,21,12,2,9,1,7,21,14,6,16,1,8,17,17,11,19,1,9,15,16,14,NA,NA,NA,NA,NA,NA,NA,NA,NA,NA,NA,NA
6265,win,3/24/21,10:53:18,58,1,1026289,1,2,X,1.78125,3,X,1.734375,4,X,1.9375,2,X,0.59375,3,X,0.984375,4,X,1.9375,2,X,0.21875,3,X,0.515625,4,X,1.9375,2,NA,not run,3,NA,not run,4,NA,not run,2,NA,not run,3,NA,not run,4,NA,not run,4,2,4,0.8,0.733333333,1,0.933333333,0.8,0.933333333,0.6,0.933333333,0,0,0,0,2,1,15,7,5,6,9,1,7,18,12,5,14,1,9,14,5,3,19,2,9,10,5,7,NA,NA,NA,NA,NA,NA,NA,NA,NA,NA,NA,NA
6265,win,3/24/21,12:02:20,29,1,735829,1,2,X,0.96875,3,X,1.453125,4,X,0.4375,2,X,0.96875,3,X,0.515625,4,X,0.9375,2,X,0.03125,3,X,0.046875,4,X,0.0625,2,NA,not run,3,NA,not run,4,NA,not run,2,NA,not run,3,NA,not run,4,NA,not run,3,1,3,0.8,1,0.8,1,0.4,0.933333333,0,1,0,0,0,0,15,8,4,13,15,8,18,9,7,16,19,13,20,8,13,3,21,21,18,6,13,2,19,21,NA,NA,NA,NA,NA,NA,NA,NA,NA,NA,NA,NA
6265,win,3/24/21,11:38:15,19,1,696682,1,2,X,0.03125,3,X,0.046875,4,X,0.0625,2,X,0.03125,3,X,0.046875,4,X,0.0625,2,X,0.53125,3,X,0.046875,4,X,0.0625,2,NA,not run,3,NA,not run,4,NA,not run,2,NA,not run,3,NA,not run,4,NA,not run,0.09375,1,0.09375,1,0.933333333,1,0.933333333,0.4,0.8,0.4,0.933333333,0,0,0,0,1,1,1,21,1,1,1,1,1,21,1,1,21,1,21,1,21,17,21,1,16,1,19,18,NA,NA,NA,NA,NA,NA,NA,NA,NA,NA,NA,NA
6265,win,3/24/21,11:08:59,23,1,885676,1,2,X,0.03125,3,X,0.046875,4,X,0.0625,2,X,0.03125,3,X,0.046875,4,1,3.9375,2,X,0.03125,3,X,0.046875,4,X,0.0625,2,NA,not run,3,NA,not run,4,NA,not run,2,NA,not run,3,NA,not run,4,NA,not run,4,1,4,1,1,1,0.866666667,0,0.933333333,0.4,0.933333333,0,0,0,0,3,1,2,21,2,1,11,1,12,19,12,12,20,1,12,2,17,16,18,1,12,4,18,13,NA,NA,NA,NA,NA,NA,NA,NA,NA,NA,NA,NA
6265,win,3/24/21,14:19:53,4,1,1125467,1,2,X,1.84375,3,X,2.765625,4,X,3.6875,2,X,0.96875,3,X,2.578125,4,X,3.0625,2,X,0.96875,3,X,1.453125,4,X,2.8125,2,NA,not run,3,NA,not run,4,NA,not run,2,NA,not run,3,NA,not run,4,NA,not run,4,4,4,1,1,0.8,1,1,0.933333333,0.8,1,0,0,0,0,3,1,2,21,4,6,8,3,3,17,11,9,14,4,3,18,13,14,18,5,3,17,18,17,NA,NA,NA,NA,NA,NA,NA,NA,NA,NA,NA,NA
6265,win,3/24/21,15:50:48,60,1,1132748,1,2,X,1.46875,3,1,2.203125,4,1,3.9375,2,X,1.96875,3,1,2.765625,4,X,1.9375,2,X,1.71875,3,1,2.203125,4,X,3.9375,2,NA,not run,3,NA,not run,4,NA,not run,2,NA,not run,3,NA,not run,4,NA,not run,2,2,2,0.6,0.466666667,0.8,0.6,1,0.4,0.8,0.533333333,0,0,0,0,6,7,7,10,7,8,9,9,9,16,7,7,16,13,14,13,14,5,15,13,10,16,14,5,NA,NA,NA,NA,NA,NA,NA,NA,NA,NA,NA,NA
6265,win,3/24/21,18:35:14,13,1,791250,1,2,1,1.96875,3,X,2.953125,4,X,3.6875,2,1,0.96875,3,X,2.203125,4,1,3.4375,2,X,0.40625,3,X,0.984375,4,X,0.8125,2,NA,not run,3,NA,not run,4,NA,not run,2,NA,not run,3,NA,not run,4,NA,not run,4,1,4,0.6,0.8,1,0.8,1,1,0.6,0.866666667,0,0,0,0,6,1,6,5,5,15,4,1,6,19,11,9,11,4,4,21,14,8,21,5,5,13,15,15,NA,NA,NA,NA,NA,NA,NA,NA,NA,NA,NA,NA
6265,win,3/25/21,15:40:26,41,1,983369,1,2,X,1.90625,3,X,2.390625,4,X,3.1875,2,X,1.15625,3,X,1.734375,4,X,2.3125,2,X,0.46875,3,X,1.546875,4,X,0.9375,2,NA,not run,3,NA,not run,4,NA,not run,2,NA,not run,3,NA,not run,4,NA,not run,2.5,1,2.5,1,0.6,1,1,0.8,0.866666667,1,0.866666667,0,0,0,0,1,1,1,16,5,2,6,2,1,21,9,1,16,3,2,15,13,8,15,2,4,16,17,10,NA,NA,NA,NA,NA,NA,NA,NA,NA,NA,NA,NA
6265,mac,3/26/21,22:44:38,62,1,1065947,0,2,X,0.15625,3,X,0.046875,4,X,0.0625,2,X,0.03125,3,X,0.046875,4,X,0.0625,2,X,0.03125,3,X,0.046875,4,X,0.0625,2,NA,not run,3,NA,not run,4,NA,not run,2,NA,not run,3,NA,not run,4,NA,not run,0.125,1,0.125,0.6,0.466666667,0.6,0.266666667,0.2,0.133333333,0,0.2,0,0,0,0,17,14,11,5,16,12,11,11,11,11,11,11,11,11,11,11,11,11,11,11,11,11,11,11,NA,NA,NA,NA,NA,NA,NA,NA,NA,NA,NA,NA
6265,mac,3/27/21,20:05:08,11,1,1657971,1,2,X,0.46875,3,X,0.796875,4,X,0.5625,2,X,0.40625,3,X,0.890625,4,X,0.4375,2,X,0.21875,3,X,0.421875,4,X,0.1875,2,NA,not run,3,NA,not run,4,NA,not run,2,NA,not run,3,NA,not run,4,NA,not run,4,1,4,0.6,0.466666667,1,0.6,0.8,0.6,1,0.6,0,0,0,0,21,21,21,2,21,21,19,17,15,11,15,21,20,18,16,15,17,17,20,20,20,7,18,20,NA,NA,NA,NA,NA,NA,NA,NA,NA,NA,NA,NA
6265,win,4/6/21,10:26:31,71,1,1073333,1,2,X,0.96875,3,X,2.484375,4,X,1.6875,2,X,1.40625,3,X,2.390625,4,X,2.5625,2,X,0.46875,3,X,0.984375,4,X,1.0625,2,NA,not run,3,NA,not run,4,NA,not run,2,NA,not run,3,NA,not run,4,NA,not run,3,2,3,0.6,0.933333333,1,0.933333333,1,0.933333333,0.4,0.8,0,0,0,0,4,4,8,18,12,7,6,5,7,19,13,8,13,10,10,19,15,9,17,12,12,12,18,9,NA,NA,NA,NA,NA,NA,NA,NA,NA,NA,NA,NA
6265,win,4/6/21,10:34:03,42,1,1057955,1,2,X,0.40625,3,X,0.703125,4,X,0.9375,2,X,0.03125,3,X,0.046875,4,X,0.0625,2,X,0.03125,3,X,0.046875,4,X,0.0625,2,NA,not run,3,NA,not run,4,NA,not run,2,NA,not run,3,NA,not run,4,NA,not run,0.5,1,0.5,0.8,1,1,0.933333333,0.6,0.866666667,0.4,1,0,0,0,0,7,3,2,17,6,2,14,4,15,13,13,6,19,5,19,3,19,14,21,5,21,1,21,18,NA,NA,NA,NA,NA,NA,NA,NA,NA,NA,NA,NA
6265,win,4/6/21,08:34:54,24,1,833163,1,2,X,1.71875,3,X,1.453125,4,X,3.4375,2,X,0.96875,3,X,2.203125,4,1,3.9375,2,X,0.46875,3,X,1.453125,4,1,3.9375,2,NA,not run,3,NA,not run,4,NA,not run,2,NA,not run,3,NA,not run,4,NA,not run,2,3,2,0.8,1,1,0.933333333,0.6,0.933333333,0.6,0.933333333,0,0,0,0,2,1,4,18,5,2,12,1,5,20,12,5,15,1,12,14,17,11,21,1,16,14,21,16,NA,NA,NA,NA,NA,NA,NA,NA,NA,NA,NA,NA
6299,mac,4/6/21,10:43:18,50,1,854520,1,2,X,1.78125,3,X,2.390625,4,X,2.4375,2,X,0.03125,3,X,0.046875,4,X,0.0625,2,X,0.03125,3,X,0.046875,4,X,0.0625,2,NA,not run,3,NA,not run,4,NA,not run,2,NA,not run,3,NA,not run,4,NA,not run,4,1,4,1,1,1,1,0.6,0.933333333,0.6,0.933333333,0,0,0,0,3,1,5,21,6,3,13,1,5,21,13,5,18,1,16,13,16,15,19,1,19,13,20,19,NA,NA,NA,NA,NA,NA,NA,NA,NA,NA,NA,NA
6265,win,4/6/21,09:56:15,33,1,941555,1,2,X,1.28125,3,X,1.921875,4,X,2.6875,2,1,1.96875,3,X,2.671875,4,X,2.8125,2,X,1.28125,3,X,1.546875,4,X,0.9375,2,NA,not run,3,NA,not run,4,NA,not run,2,NA,not run,3,NA,not run,4,NA,not run,3,4,3,1,0.933333333,1,0.933333333,0.8,1,1,0.933333333,0,0,0,0,14,3,1,20,5,1,17,1,8,19,5,1,20,1,5,15,18,2,21,1,7,20,21,2,NA,NA,NA,NA,NA,NA,NA,NA,NA,NA,NA,NA
6265,win,4/6/21,10:46:07,72,1,1327576,1,2,X,1.65625,3,X,1.453125,4,X,2.3125,2,X,0.84375,3,X,1.359375,4,X,1.3125,2,X,0.46875,3,X,0.890625,4,X,0.9375,2,NA,not run,3,NA,not run,4,NA,not run,2,NA,not run,3,NA,not run,4,NA,not run,1.5,1,1.5,1,0.866666667,0.8,1,0.6,1,0.6,0.866666667,0,0,0,0,4,2,4,17,6,3,4,3,4,16,4,3,5,3,7,14,7,6,12,9,12,12,14,10,NA,NA,NA,NA,NA,NA,NA,NA,NA,NA,NA,NA
6265,mac,4/6/21,12:15:02,64,1,858670,0,2,X,0.71875,3,X,0.703125,4,X,0.5625,2,X,0.03125,3,X,0.046875,4,X,0.0625,2,X,0.03125,3,X,0.046875,4,X,0.0625,2,NA,not run,3,NA,not run,4,NA,not run,2,NA,not run,3,NA,not run,4,NA,not run,2,2,2,1,1,1,0.933333333,1,0.933333333,0.4,0.866666667,0,0,0,0,2,1,1,21,10,1,13,1,13,17,16,4,18,1,17,15,20,6,21,1,19,2,21,21,NA,NA,NA,NA,NA,NA,NA,NA,NA,NA,NA,NA
6265,win,4/6/21,10:41:46,73,1,913714,1,2,1,1.96875,3,1,2.953125,4,X,3.9375,2,X,1.96875,3,1,2.953125,4,X,3.9375,2,X,1.96875,3,X,2.953125,4,X,3.9375,2,NA,not run,3,NA,not run,4,NA,not run,2,NA,not run,3,NA,not run,4,NA,not run,4,2,4,0,0.333333333,0.8,0.533333333,1,0.8,1,0.466666667,0,0,0,0,21,21,21,1,20,11,20,20,14,13,14,13,20,18,13,16,16,12,19,18,16,16,16,12,NA,NA,NA,NA,NA,NA,NA,NA,NA,NA,NA,NA
6265,mac,4/6/21,11:30:07,66,1,1120626,1,2,X,1.46875,3,X,2.953125,4,X,2.9375,2,X,0.59375,3,X,0.984375,4,X,1.9375,2,X,0.40625,3,X,0.796875,4,X,1.1875,2,NA,not run,3,NA,not run,4,NA,not run,2,NA,not run,3,NA,not run,4,NA,not run,3,1,3,1,1,1,1,0.6,0.933333333,1,0.733333333,0,0,0,0,9,1,10,21,8,8,11,1,9,21,11,9,15,1,12,12,15,13,17,1,14,17,15,12,NA,NA,NA,NA,NA,NA,NA,NA,NA,NA,NA,NA
6265,win,4/6/21,11:34:48,75,1,2649367,1,2,X,0.03125,3,X,0.046875,4,X,0.0625,2,X,0.03125,3,X,1.546875,4,X,0.0625,2,X,0.03125,3,X,0.046875,4,X,0.0625,2,NA,not run,3,NA,not run,4,NA,not run,2,NA,not run,3,NA,not run,4,NA,not run,0.0625,1,0.0625,0.8,1,0,1,0.4,0.866666667,0.4,0.866666667,0,0,0,0,5,6,7,17,8,7,16,14,15,2,14,15,15,13,10,7,14,9,18,16,13,5,17,14,NA,NA,NA,NA,NA,NA,NA,NA,NA,NA,NA,NA
6265,win,4/6/21,16:15:44,74,1,1404698,1,2,X,1.78125,3,1,2.953125,4,X,3.8125,2,X,1.03125,3,X,2.296875,4,X,2.0625,2,X,0.59375,3,X,1.078125,4,X,1.9375,2,NA,not run,3,NA,not run,4,NA,not run,2,NA,not run,3,NA,not run,4,NA,not run,4,4,4,0.4,0.333333333,0,0,0.8,0.666666667,0.8,0.933333333,0,0,0,0,11,11,11,11,11,11,4,5,4,1,1,1,16,3,10,17,16,13,18,18,10,18,18,13,NA,NA,NA,NA,NA,NA,NA,NA,NA,NA,NA,NA
6299,mac,4/6/21,13:16:59,20,1,819677,1,2,X,1.03125,3,X,1.453125,4,X,2.3125,2,X,0.46875,3,X,1.453125,4,X,0.9375,2,X,0.09375,3,X,0.703125,4,X,0.4375,2,NA,not run,3,NA,not run,4,NA,not run,2,NA,not run,3,NA,not run,4,NA,not run,2,1,2,1,0.866666667,1,1,0.8,0.933333333,0.6,0.933333333,0,0,0,0,12,1,3,15,9,2,14,1,8,21,13,7,18,2,3,16,14,13,21,2,5,11,20,20,NA,NA,NA,NA,NA,NA,NA,NA,NA,NA,NA,NA
6299,win,4/7/21,10:19:31,47,1,931507,1,2,X,0.96875,3,X,0.890625,4,1,3.9375,2,X,0.03125,3,X,0.796875,4,X,2.0625,2,X,0.09375,3,X,0.046875,4,X,0.0625,2,NA,not run,3,NA,not run,4,NA,not run,2,NA,not run,3,NA,not run,4,NA,not run,4,1,4,0.6,0.933333333,0.8,1,0.2,0.733333333,0.6,0.866666667,0,0,0,0,16,2,14,5,7,13,16,2,13,9,13,14,16,2,15,5,14,15,14,2,15,8,17,16,NA,NA,NA,NA,NA,NA,NA,NA,NA,NA,NA,NA
6265,win,4/7/21,08:21:43,77,1,824773,1,2,X,1.96875,3,X,2.953125,4,X,2.9375,2,X,1.84375,3,X,2.953125,4,X,3.9375,2,1,1.96875,3,X,2.953125,4,X,3.9375,2,NA,not run,3,NA,not run,4,NA,not run,2,NA,not run,3,NA,not run,4,NA,not run,2,1,2,1,1,1,1,0.6,0.933333333,0.8,0.933333333,0,0,0,0,21,1,1,21,11,1,21,1,12,21,21,1,21,21,21,21,21,1,21,21,21,21,21,1,NA,NA,NA,NA,NA,NA,NA,NA,NA,NA,NA,NA
6265,win,4/7/21,15:27:38,48,1,775000,1,2,X,1.78125,3,X,2.484375,4,X,2.5625,2,X,0.65625,3,X,0.609375,4,X,0.4375,2,X,0.15625,3,X,0.421875,4,1,1.9375,2,NA,not run,3,NA,not run,4,NA,not run,2,NA,not run,3,NA,not run,4,NA,not run,4,2,4,1,1,1,1,0.6,0.8,1,0.8,0,0,0,0,7,1,12,21,12,12,14,1,11,21,14,13,21,1,16,8,17,15,21,1,16,18,20,16,NA,NA,NA,NA,NA,NA,NA,NA,NA,NA,NA,NA
6265,win,4/8/21,08:35:06,61,1,1009996,0,2,X,1.34375,3,X,2.203125,4,X,2.9375,2,X,0.96875,3,X,0.703125,4,X,1.1875,2,X,0.53125,3,X,0.328125,4,X,0.4375,2,NA,not run,3,NA,not run,4,NA,not run,2,NA,not run,3,NA,not run,4,NA,not run,3,2,3,0.6,0.266666667,1,0.666666667,0.4,0.733333333,0.2,0.733333333,0,0,0,0,15,3,2,4,5,15,7,9,7,16,8,14,18,4,6,6,14,14,16,4,13,4,13,18,NA,NA,NA,NA,NA,NA,NA,NA,NA,NA,NA,NA
6265,win,4/10/21,08:40:08,7,1,1011228,1,2,X,1.53125,3,X,0.234375,4,X,0.1875,2,X,0.53125,3,X,0.046875,4,X,0.3125,2,X,0.15625,3,X,0.046875,4,X,2.0625,2,NA,not run,3,NA,not run,4,NA,not run,2,NA,not run,3,NA,not run,4,NA,not run,1.625,1,1.625,1,0.666666667,0.8,0.866666667,0.4,0.866666667,0.6,0.866666667,0,0,0,0,14,1,7,7,11,12,16,1,3,14,14,16,21,3,13,3,16,16,21,1,15,15,21,19,NA,NA,NA,NA,NA,NA,NA,NA,NA,NA,NA,NA
6265,win,4/11/21,17:48:55,6,1,1580073,1,2,X,0.03125,3,X,0.046875,4,X,2.0625,2,X,0.03125,3,X,0.046875,4,X,0.0625,2,X,0.03125,3,X,0.046875,4,X,0.0625,2,NA,not run,3,NA,not run,4,NA,not run,2,NA,not run,3,NA,not run,4,NA,not run,2,1,2,0.6,0.666666667,0.4,0.733333333,0.2,0.533333333,0,0.866666667,0,0,0,0,20,21,20,7,18,16,21,21,21,21,21,21,21,21,21,21,21,21,21,21,21,21,21,21,NA,NA,NA,NA,NA,NA,NA,NA,NA,NA,NA,NA
6299,win,4/15/21,12:56:52,108,1,1125689,1,2,X,0.46875,3,X,2.203125,4,X,2.6875,2,X,0.03125,3,X,0.796875,4,X,0.0625,2,X,0.03125,3,X,0.046875,4,X,0.0625,2,NA,not run,3,NA,not run,4,NA,not run,2,NA,not run,3,NA,not run,4,NA,not run,3,1,3,0.4,0.733333333,0.8,0.866666667,0.8,0.933333333,0.8,0.933333333,0,0,0,0,1,1,11,1,5,11,14,1,14,15,15,15,21,1,21,18,18,11,21,1,21,17,21,21,NA,NA,NA,NA,NA,NA,NA,NA,NA,NA,NA,NA
6299,win,4/15/21,09:58:20,105,1,972133,1,2,1,1.96875,3,1,2.953125,4,1,3.9375,2,1,1.96875,3,X,2.671875,4,1,3.9375,2,X,1.53125,3,X,1.265625,4,1,3.9375,2,NA,not run,3,NA,not run,4,NA,not run,2,NA,not run,3,NA,not run,4,NA,not run,2,3,2,0.8,0.933333333,0.8,1,0.6,1,0.4,0.933333333,0,0,0,0,9,6,8,16,9,8,10,8,9,13,8,9,13,10,8,12,13,9,15,11,14,7,16,9,NA,NA,NA,NA,NA,NA,NA,NA,NA,NA,NA,NA
6299,win,4/15/21,10:30:26,89,1,1125124,1,2,X,1.90625,3,X,2.953125,4,X,3.3125,2,X,0.03125,3,X,0.046875,4,X,0.0625,2,X,0.03125,3,X,0.046875,4,X,0.0625,2,NA,not run,3,NA,not run,4,NA,not run,2,NA,not run,3,NA,not run,4,NA,not run,2,1,2,0.8,0.933333333,1,0.933333333,0.8,0.866666667,0.8,0.866666667,0,0,0,0,4,2,7,14,14,3,9,3,7,17,15,5,12,3,9,13,12,10,18,4,9,13,18,10,NA,NA,NA,NA,NA,NA,NA,NA,NA,NA,NA,NA
6265,win,4/15/21,13:22:53,111,1,2215277,1,2,1,1.96875,3,1,2.953125,4,X,3.9375,2,1,1.96875,3,X,2.953125,4,1,3.9375,2,X,1.96875,3,X,2.953125,4,X,3.9375,2,NA,not run,3,NA,not run,4,NA,not run,2,NA,not run,3,NA,not run,4,NA,not run,4,1,4,0.2,0.533333333,0.6,0.4,0.2,0.4,1,0.866666667,0,0,0,0,19,17,18,6,20,12,20,18,18,15,21,14,20,20,9,7,21,14,20,21,8,20,21,15,NA,NA,NA,NA,NA,NA,NA,NA,NA,NA,NA,NA
6265,mac,4/15/21,13:22:59,121,1,1321425,1,2,X,1.21875,3,X,1.078125,4,X,0.6875,2,X,0.03125,3,X,0.046875,4,X,0.0625,2,X,0.03125,3,X,0.046875,4,X,0.0625,2,NA,not run,3,NA,not run,4,NA,not run,2,NA,not run,3,NA,not run,4,NA,not run,0.125,1,0.125,0,0,0.8,0.933333333,0.8,0.6,0,0.666666667,0,0,0,0,16,4,13,1,5,17,15,1,13,16,15,8,20,4,19,8,13,11,21,2,21,1,16,20,NA,NA,NA,NA,NA,NA,NA,NA,NA,NA,NA,NA
6299,mac,4/15/21,13:33:26,122,1,1505654,1,2,X,0.03125,3,X,0.046875,4,X,0.0625,2,X,0.03125,3,X,0.046875,4,X,0.0625,2,X,0.03125,3,X,0.046875,4,X,0.0625,2,NA,not run,3,NA,not run,4,NA,not run,2,NA,not run,3,NA,not run,4,NA,not run,0.25,1,0.25,1,1,0.8,0.866666667,0.8,0.933333333,0.4,0.933333333,0,0,0,0,16,1,20,21,19,15,18,2,16,16,20,17,21,2,20,18,21,20,21,1,19,3,20,20,NA,NA,NA,NA,NA,NA,NA,NA,NA,NA,NA,NA
6299,and,4/15/21,10:41:00,120,1,1337436,0,2,X,0.78125,3,X,1.171875,4,X,2.0625,2,X,0.03125,3,X,0.046875,4,X,0.0625,2,X,0.03125,3,X,0.046875,4,X,0.0625,2,NA,not run,3,NA,not run,4,NA,not run,2,NA,not run,3,NA,not run,4,NA,not run,1.3125,1,1.3125,0.6,1,0.8,0.8,0.8,1,0.2,0.866666667,0,0,0,0,6,3,4,13,8,3,11,3,9,13,9,4,14,5,5,12,14,4,19,7,13,5,14,5,NA,NA,NA,NA,NA,NA,NA,NA,NA,NA,NA,NA
6299,win,4/15/21,18:01:45,86,1,773156,1,2,1,1.96875,3,1,2.953125,4,X,3.9375,2,1,0.96875,3,X,2.953125,4,1,3.8125,2,X,0.96875,3,1,2.203125,4,X,3.9375,2,NA,not run,3,NA,not run,4,NA,not run,2,NA,not run,3,NA,not run,4,NA,not run,4,1,4,0.8,0.133333333,0.2,0.6,0.6,0.866666667,0.2,0.8,0,0,0,0,19,18,17,15,16,8,16,18,18,18,17,5,17,17,18,21,20,2,21,21,19,16,19,4,NA,NA,NA,NA,NA,NA,NA,NA,NA,NA,NA,NA
6299,win,4/15/21,14:33:44,84,1,1424708,1,2,X,1.09375,3,X,1.828125,4,X,2.0625,2,X,0.84375,3,X,0.703125,4,X,1.4375,2,X,0.28125,3,X,0.515625,4,X,0.1875,2,NA,not run,3,NA,not run,4,NA,not run,2,NA,not run,3,NA,not run,4,NA,not run,0.75,1,0.75,1,0.866666667,0,0.333333333,0.8,0.933333333,0,0.6,0,0,0,0,11,1,11,18,14,3,21,15,20,1,21,20,19,15,17,18,19,16,21,21,21,21,21,21,NA,NA,NA,NA,NA,NA,NA,NA,NA,NA,NA,NA
6299,win,4/15/21,13:54:00,90,1,904308,1,2,X,1.65625,3,X,2.578125,4,X,3.6875,2,X,0.96875,3,X,2.015625,4,X,2.9375,2,X,1.28125,3,X,2.484375,4,X,3.0625,2,NA,not run,3,NA,not run,4,NA,not run,2,NA,not run,3,NA,not run,4,NA,not run,3,1,3,0.8,1,0.6,0.866666667,0.6,0.866666667,0.8,0.6,0,0,0,0,3,1,1,19,16,4,19,4,3,15,17,7,20,4,1,16,20,9,21,14,6,14,21,16,NA,NA,NA,NA,NA,NA,NA,NA,NA,NA,NA,NA
6299,mac,4/15/21,16:57:13,106,1,1188508,1,2,X,0.46875,3,X,0.703125,4,X,1.9375,2,X,0.90625,3,X,0.703125,4,X,1.9375,2,X,0.46875,3,X,0.703125,4,X,1.6875,2,NA,not run,3,NA,not run,4,NA,not run,2,NA,not run,3,NA,not run,4,NA,not run,3,2,3,0.8,1,1,0.933333333,1,0.866666667,0.6,0.666666667,0,0,0,0,3,1,2,15,3,3,4,2,2,5,5,2,10,2,5,12,11,6,18,4,12,5,14,13,NA,NA,NA,NA,NA,NA,NA,NA,NA,NA,NA,NA
6299,win,4/15/21,16:06:31,95,1,1292422,0,2,X,1.09375,3,X,2.296875,4,X,2.8125,2,X,0.96875,3,X,1.828125,4,X,2.9375,2,X,0.96875,3,X,1.734375,4,X,2.9375,2,NA,not run,3,NA,not run,4,NA,not run,2,NA,not run,3,NA,not run,4,NA,not run,3,1,3,1,1,1,1,0.8,0.933333333,0.4,0.933333333,0,0,0,0,3,1,3,21,8,8,8,1,8,21,12,10,18,4,11,15,18,13,21,12,14,3,19,18,NA,NA,NA,NA,NA,NA,NA,NA,NA,NA,NA,NA
6299,mac,4/15/21,15:06:44,118,1,865096,1,2,X,1.59375,3,1,2.953125,4,1,2.9375,2,X,1.40625,3,1,2.953125,4,X,3.5625,2,X,0.53125,3,X,0.046875,4,X,0.0625,2,NA,not run,3,NA,not run,4,NA,not run,2,NA,not run,3,NA,not run,4,NA,not run,4,1,4,0.4,0.533333333,1,1,0.8,0.8,0.6,0.8,0,0,0,0,12,6,14,6,13,19,13,8,11,21,9,15,18,7,12,18,18,19,20,7,15,18,18,18,NA,NA,NA,NA,NA,NA,NA,NA,NA,NA,NA,NA
6299,win,4/15/21,14:16:23,98,1,1178960,1,2,X,0.96875,3,X,2.109375,4,X,2.5625,2,X,0.90625,3,X,1.453125,4,X,1.6875,2,X,0.53125,3,X,0.796875,4,X,1.5625,2,NA,not run,3,NA,not run,4,NA,not run,2,NA,not run,3,NA,not run,4,NA,not run,4,4,4,0.6,0.933333333,1,0.8,1,0.733333333,0.8,0.666666667,0,0,0,0,7,3,13,5,17,16,18,3,17,13,18,17,21,4,20,14,21,21,21,4,21,13,21,21,NA,NA,NA,NA,NA,NA,NA,NA,NA,NA,NA,NA
6299,win,4/15/21,17:47:42,102,1,1428714,1,2,X,1.53125,3,X,2.203125,4,X,2.9375,2,X,0.09375,3,X,0.234375,4,X,0.9375,2,X,0.09375,3,X,0.328125,4,X,0.1875,2,NA,not run,3,NA,not run,4,NA,not run,2,NA,not run,3,NA,not run,4,NA,not run,0.125,1,0.125,0.6,0.6,0.6,0.333333333,0.4,0.333333333,0.2,0.266666667,0,0,0,0,8,5,7,12,10,9,12,10,12,8,14,14,16,13,13,6,16,15,20,15,14,3,19,17,NA,NA,NA,NA,NA,NA,NA,NA,NA,NA,NA,NA
6299,win,4/15/21,18:36:50,91,1,808452,0,2,X,0.96875,3,X,1.453125,4,X,0.9375,2,X,0.96875,3,X,1.078125,4,X,0.9375,2,X,0.53125,3,X,0.796875,4,X,0.0625,2,NA,not run,3,NA,not run,4,NA,not run,2,NA,not run,3,NA,not run,4,NA,not run,2,1,2,0.8,0.933333333,1,1,0.6,0.8,0.6,0.8,0,0,0,0,9,4,11,17,14,12,16,8,11,21,21,16,21,5,11,13,21,17,21,3,11,16,21,18,NA,NA,NA,NA,NA,NA,NA,NA,NA,NA,NA,NA
6299,win,4/15/21,19:15:49,93,1,1120006,1,2,X,1.84375,3,X,2.203125,4,1,3.4375,2,X,0.90625,3,X,0.890625,4,X,1.0625,2,X,0.90625,3,X,0.984375,4,X,0.9375,2,NA,not run,3,NA,not run,4,NA,not run,2,NA,not run,3,NA,not run,4,NA,not run,1,1,1,0.8,1,0.6,0.933333333,0.4,0.933333333,0.4,0.933333333,0,0,0,0,4,1,5,20,2,1,13,1,10,8,17,1,20,1,19,1,21,5,21,1,14,1,19,6,NA,NA,NA,NA,NA,NA,NA,NA,NA,NA,NA,NA
6299,win,4/15/21,19:20:32,110,1,1105804,1,2,X,1.71875,3,X,2.203125,4,X,2.6875,2,X,0.59375,3,X,1.734375,4,X,1.0625,2,X,0.28125,3,X,0.796875,4,X,0.9375,2,NA,not run,3,NA,not run,4,NA,not run,2,NA,not run,3,NA,not run,4,NA,not run,2.25,1,2.25,0.2,0.266666667,0.6,1,0.2,0.933333333,0.2,0.733333333,0,0,0,0,19,14,15,4,13,16,17,16,14,17,17,16,19,18,17,5,16,16,21,18,18,3,16,19,NA,NA,NA,NA,NA,NA,NA,NA,NA,NA,NA,NA
6299,win,4/15/21,21:32:37,82,1,953098,1,2,X,0.96875,3,X,1.453125,4,X,2.4375,2,X,0.71875,3,X,1.453125,4,X,1.9375,2,X,0.46875,3,X,1.078125,4,X,0.9375,2,NA,not run,3,NA,not run,4,NA,not run,2,NA,not run,3,NA,not run,4,NA,not run,2,1,2,1,1,1,0.866666667,1,0.866666667,1,0.8,0,0,0,0,16,6,15,15,19,8,18,5,15,13,20,8,20,4,16,13,20,8,21,7,20,12,21,13,NA,NA,NA,NA,NA,NA,NA,NA,NA,NA,NA,NA
6299,win,4/15/21,20:41:23,115,1,1024065,1,2,X,1.21875,3,X,1.828125,4,X,1.4375,2,X,0.96875,3,X,2.953125,4,X,1.9375,2,X,0.09375,3,X,0.796875,4,X,0.8125,2,NA,not run,3,NA,not run,4,NA,not run,2,NA,not run,3,NA,not run,4,NA,not run,1.25,1,1.25,1,1,0.8,0.6,0.8,1,0.8,0.866666667,0,0,0,0,5,3,2,21,6,1,14,14,14,5,17,3,18,18,12,14,19,2,21,20,16,8,21,2,NA,NA,NA,NA,NA,NA,NA,NA,NA,NA,NA,NA
6299,win,4/16/21,02:39:16,88,1,1371200,1,2,X,1.03125,3,X,1.546875,4,X,0.6875,2,X,0.96875,3,X,2.203125,4,X,1.9375,2,X,0.03125,3,X,0.046875,4,X,0.0625,2,NA,not run,3,NA,not run,4,NA,not run,2,NA,not run,3,NA,not run,4,NA,not run,1,1,1,1,1,0.8,0.933333333,1,0.733333333,0.6,0.866666667,0,0,0,0,3,4,3,21,3,1,8,4,9,17,10,3,13,6,8,13,13,2,20,7,10,12,14,3,NA,NA,NA,NA,NA,NA,NA,NA,NA,NA,NA,NA
6299,win,4/16/21,09:05:22,104,1,877718,1,2,1,1.96875,3,1,2.953125,4,X,3.9375,2,X,1.96875,3,X,2.953125,4,X,3.9375,2,X,1.96875,3,X,2.953125,4,X,3.9375,2,NA,not run,3,NA,not run,4,NA,not run,2,NA,not run,3,NA,not run,4,NA,not run,4,3,4,1,0.933333333,1,1,0.8,1,0.8,0.933333333,0,0,0,0,2,3,2,20,5,2,2,2,2,21,2,2,6,7,7,15,12,7,12,12,12,15,13,8,NA,NA,NA,NA,NA,NA,NA,NA,NA,NA,NA,NA
6299,and,4/16/21,12:44:56,123,1,952674,1,2,X,0.96875,3,X,2.015625,4,X,3.9375,2,X,0.21875,3,X,0.609375,4,X,1.5625,2,1,1.96875,3,X,0.703125,4,X,0.9375,2,NA,not run,3,NA,not run,4,NA,not run,2,NA,not run,3,NA,not run,4,NA,not run,4,4,4,0.8,0.933333333,0.8,0.733333333,0.4,0.933333333,0.4,0.733333333,0,0,0,0,5,5,5,17,17,4,10,10,13,12,14,14,17,18,16,3,16,17,20,20,17,3,18,18,NA,NA,NA,NA,NA,NA,NA,NA,NA,NA,NA,NA
6265,mac,4/19/21,05:33:53,112,1,1151911,1,2,X,1.71875,3,X,2.671875,4,X,3.4375,2,X,0.96875,3,X,2.203125,4,X,3.1875,2,X,0.46875,3,X,1.453125,4,X,1.9375,2,NA,not run,3,NA,not run,4,NA,not run,2,NA,not run,3,NA,not run,4,NA,not run,4,3,4,0.4,0.6,1,0.933333333,0.8,0.933333333,0.8,0.8,0,0,0,0,2,2,11,11,11,11,4,3,11,10,11,8,11,3,8,9,13,12,13,6,11,8,14,13,NA,NA,NA,NA,NA,NA,NA,NA,NA,NA,NA,NA
6299,win,4/27/21,08:44:30,147,1,1058355,1,2,X,0.96875,3,X,1.546875,4,X,2.5625,2,X,1.65625,3,X,2.390625,4,X,3.1875,2,X,0.65625,3,X,1.734375,4,X,1.9375,2,NA,not run,3,NA,not run,4,NA,not run,2,NA,not run,3,NA,not run,4,NA,not run,4,3,4,0.8,0.2,0.8,0.933333333,0.6,0.933333333,0.8,0.733333333,0,0,0,0,1,1,1,2,3,4,13,1,9,18,14,8,17,5,5,15,18,10,17,7,9,19,14,13,NA,NA,NA,NA,NA,NA,NA,NA,NA,NA,NA,NA
6299,win,4/27/21,12:05:22,159,1,3122025,1,2,X,0.21875,3,X,1.359375,4,X,0.4375,2,X,0.09375,3,X,0.328125,4,X,0.1875,2,X,1.03125,3,X,0.703125,4,X,0.9375,2,NA,not run,3,NA,not run,4,NA,not run,2,NA,not run,3,NA,not run,4,NA,not run,4,4,4,0.6,0.866666667,0.6,1,0.6,0.8,1,0.733333333,0,0,0,0,1,1,14,7,13,15,16,1,16,16,17,17,18,1,18,4,19,21,21,1,21,17,21,20,NA,NA,NA,NA,NA,NA,NA,NA,NA,NA,NA,NA
6299,win,4/27/21,12:29:43,134,1,1473149,1,2,X,1.96875,3,X,2.953125,4,X,3.9375,2,X,1.96875,3,X,2.953125,4,X,3.9375,2,X,1.96875,3,X,2.953125,4,X,3.9375,2,NA,not run,3,NA,not run,4,NA,not run,2,NA,not run,3,NA,not run,4,NA,not run,3,3,3,1,0.6,1,0.866666667,0.8,0.933333333,0.8,0.8,0,0,0,0,6,1,12,16,12,9,14,3,7,18,13,8,18,3,12,17,15,14,21,3,18,14,21,14,NA,NA,NA,NA,NA,NA,NA,NA,NA,NA,NA,NA
6299,win,4/27/21,16:48:47,137,1,1464422,1,2,X,1.84375,3,X,2.296875,4,1,3.6875,2,X,1.90625,3,X,2.953125,4,X,3.3125,2,X,1.71875,3,X,2.953125,4,1,3.9375,2,NA,not run,3,NA,not run,4,NA,not run,2,NA,not run,3,NA,not run,4,NA,not run,2.625,1,2.625,0.6,0.266666667,0.4,0.6,0,0.666666667,1,0.6,0,0,0,0,21,21,21,16,21,5,21,21,21,21,20,1,21,21,21,18,21,3,21,21,21,21,21,1,NA,NA,NA,NA,NA,NA,NA,NA,NA,NA,NA,NA
6299,mac,4/27/21,12:53:56,126,1,776481,1,2,X,0.03125,3,X,0.046875,4,X,0.0625,2,X,0.03125,3,X,0.046875,4,X,0.0625,2,X,0.03125,3,X,0.046875,4,X,0.0625,2,NA,not run,3,NA,not run,4,NA,not run,2,NA,not run,3,NA,not run,4,NA,not run,1,1,1,1,0.533333333,0.8,0.866666667,0.8,0.466666667,1,0.4,0,0,0,0,19,4,20,9,17,21,18,2,19,14,19,18,20,1,19,5,15,21,19,1,20,6,21,21,NA,NA,NA,NA,NA,NA,NA,NA,NA,NA,NA,NA
6299,win,4/27/21,11:53:51,131,1,874197,1,2,X,0.53125,3,X,0.984375,4,X,1.1875,2,X,0.40625,3,X,1.078125,4,X,1.4375,2,X,0.03125,3,X,0.046875,4,X,0.0625,2,NA,not run,3,NA,not run,4,NA,not run,2,NA,not run,3,NA,not run,4,NA,not run,1.5,1,1.5,0.6,0.466666667,1,0.466666667,0.8,0.8,0.6,0.733333333,0,0,0,0,8,1,13,7,9,10,13,1,13,8,13,12,15,1,16,15,15,8,18,1,18,14,14,8,NA,NA,NA,NA,NA,NA,NA,NA,NA,NA,NA,NA
6299,mac,4/27/21,12:57:44,127,1,798449,1,2,X,0.96875,3,X,2.015625,4,X,2.1875,2,X,0.96875,3,X,1.078125,4,X,1.4375,2,X,1.34375,3,X,1.078125,4,X,2.6875,2,NA,not run,3,NA,not run,4,NA,not run,2,NA,not run,3,NA,not run,4,NA,not run,3,2,3,1,0.933333333,1,1,0.6,0.866666667,0.8,0.933333333,0,0,0,0,6,2,9,17,13,10,12,7,7,17,11,12,16,5,9,12,14,14,17,4,6,13,13,14,NA,NA,NA,NA,NA,NA,NA,NA,NA,NA,NA,NA
6299,win,4/27/21,12:27:58,149,1,1211058,1,2,X,1.03125,3,X,1.921875,4,X,1.9375,2,X,1.09375,3,X,1.546875,4,X,1.9375,2,X,0.15625,3,X,2.296875,4,X,2.0625,2,NA,not run,3,NA,not run,4,NA,not run,2,NA,not run,3,NA,not run,4,NA,not run,4,2,4,0.6,0.8,0.6,0.866666667,0.4,0.866666667,0.4,0.333333333,0,0,0,0,8,12,14,7,14,12,14,13,15,10,15,13,17,14,14,1,17,20,20,17,12,2,15,19,NA,NA,NA,NA,NA,NA,NA,NA,NA,NA,NA,NA
6299,win,4/27/21,10:31:03,150,1,889517,1,2,X,1.96875,3,X,2.953125,4,X,3.9375,2,X,1.21875,3,X,1.921875,4,X,2.8125,2,X,0.46875,3,X,0.703125,4,X,1.8125,2,NA,not run,3,NA,not run,4,NA,not run,2,NA,not run,3,NA,not run,4,NA,not run,4,3,4,1,1,1,1,0.6,1,0.6,0.866666667,0,0,0,0,4,3,12,21,7,9,8,8,10,21,12,9,14,9,12,12,16,12,15,9,14,9,16,14,NA,NA,NA,NA,NA,NA,NA,NA,NA,NA,NA,NA
6299,win,4/27/21,11:48:12,153,1,854934,1,2,X,0.96875,3,X,1.828125,4,X,2.9375,2,X,0.96875,3,X,2.484375,4,X,3.0625,2,X,0.96875,3,X,1.453125,4,X,1.9375,2,NA,not run,3,NA,not run,4,NA,not run,2,NA,not run,3,NA,not run,4,NA,not run,3.25,1,3.25,1,1,0.8,1,1,0.866666667,0.4,0.866666667,0,0,0,0,2,2,1,21,5,1,15,14,15,14,16,11,18,18,17,12,18,18,21,21,21,1,21,21,NA,NA,NA,NA,NA,NA,NA,NA,NA,NA,NA,NA
6299,mac,4/27/21,12:13:58,144,1,941381,1,2,X,0.03125,3,X,0.046875,4,X,0.0625,2,X,0.03125,3,X,0.046875,4,X,0.0625,2,X,0.03125,3,X,0.046875,4,X,0.0625,2,NA,not run,3,NA,not run,4,NA,not run,2,NA,not run,3,NA,not run,4,NA,not run,1,1,1,0.6,0.133333333,1,0,0.2,0.266666667,1,0.266666667,0,0,0,0,21,2,21,2,19,21,21,2,21,5,20,21,21,1,21,2,21,21,21,1,21,4,21,21,NA,NA,NA,NA,NA,NA,NA,NA,NA,NA,NA,NA
6299,win,4/27/21,14:24:04,141,1,978582,1,2,X,1.96875,3,X,2.953125,4,X,3.9375,2,X,1.96875,3,X,2.953125,4,X,3.9375,2,X,0.96875,3,X,1.078125,4,X,0.9375,2,NA,not run,3,NA,not run,4,NA,not run,2,NA,not run,3,NA,not run,4,NA,not run,3,2,3,0.6,0.733333333,1,1,1,1,0.4,1,0,0,0,0,6,2,4,7,4,5,9,2,5,21,7,4,12,2,7,21,15,9,21,2,7,1,21,18,NA,NA,NA,NA,NA,NA,NA,NA,NA,NA,NA,NA
6265,win,4/27/21,15:42:49,164,1,1773490,1,2,X,1.59375,3,X,2.203125,4,X,3.9375,2,X,1.78125,3,X,2.390625,4,X,3.5625,2,X,1.53125,3,X,2.671875,4,X,3.1875,2,NA,not run,3,NA,not run,4,NA,not run,2,NA,not run,3,NA,not run,4,NA,not run,1.625,1,1.625,1,0.933333333,0.8,0.933333333,0.6,0.933333333,1,0.933333333,0,0,0,0,15,2,17,19,12,12,17,2,16,18,16,14,19,2,18,15,18,18,20,2,18,20,18,20,NA,NA,NA,NA,NA,NA,NA,NA,NA,NA,NA,NA
6299,win,4/27/21,16:36:22,148,1,939129,1,2,X,1.96875,3,X,2.953125,4,X,3.9375,2,X,1.96875,3,X,2.578125,4,1,3.9375,2,X,0.96875,3,X,1.453125,4,X,1.9375,2,NA,not run,3,NA,not run,4,NA,not run,2,NA,not run,3,NA,not run,4,NA,not run,3,3,3,0.8,1,1,1,1,0.866666667,0.4,1,0,0,0,0,12,3,10,14,12,14,14,3,10,19,18,15,19,3,12,14,16,15,18,4,16,5,14,19,NA,NA,NA,NA,NA,NA,NA,NA,NA,NA,NA,NA
6299,win,4/27/21,13:43:40,139,1,1113569,1,2,X,1.90625,3,X,2.671875,4,X,2.9375,2,X,1.96875,3,X,2.953125,4,X,2.9375,2,X,1.84375,3,X,2.578125,4,X,3.5625,2,NA,not run,3,NA,not run,4,NA,not run,2,NA,not run,3,NA,not run,4,NA,not run,2,2,2,1,1,0.8,0.666666667,1,0.866666667,0.2,0.866666667,0,0,0,0,1,1,1,21,10,2,9,6,6,6,12,6,8,8,9,16,13,7,15,8,14,5,15,14,NA,NA,NA,NA,NA,NA,NA,NA,NA,NA,NA,NA
6299,mac,4/27/21,16:58:17,125,1,1318609,1,2,X,1.53125,3,1,2.953125,4,X,2.3125,2,X,1.53125,3,X,1.453125,4,X,2.3125,2,X,1.15625,3,X,1.921875,4,X,0.9375,2,NA,not run,3,NA,not run,4,NA,not run,2,NA,not run,3,NA,not run,4,NA,not run,3,1,3,1,0.466666667,0.8,0.866666667,1,0.666666667,0.8,0.533333333,0,0,0,0,13,9,11,11,11,1,8,1,1,21,11,1,1,1,1,21,1,1,1,1,1,21,11,1,NA,NA,NA,NA,NA,NA,NA,NA,NA,NA,NA,NA
6299,win,4/27/21,22:20:41,155,1,2110625,1,2,X,0.96875,3,X,2.953125,4,X,3.9375,2,X,0.46875,3,X,0.328125,4,X,0.9375,2,X,0.21875,3,X,0.328125,4,X,0.1875,2,NA,not run,3,NA,not run,4,NA,not run,2,NA,not run,3,NA,not run,4,NA,not run,3,2,3,0.6,0.666666667,1,0.933333333,0.4,1,0.6,0.933333333,0,0,0,0,17,15,12,15,15,5,19,18,15,20,17,3,19,18,17,19,19,8,21,20,20,19,18,8,NA,NA,NA,NA,NA,NA,NA,NA,NA,NA,NA,NA
6299,win,4/27/21,22:29:03,171,1,638685,1,2,X,1.96875,3,X,2.953125,4,X,1.9375,2,X,0.90625,3,X,2.953125,4,X,3.9375,2,X,1.96875,3,1,2.953125,4,X,3.9375,2,NA,not run,3,NA,not run,4,NA,not run,2,NA,not run,3,NA,not run,4,NA,not run,4,3,4,0.8,0.666666667,1,0.733333333,0.8,0.733333333,0.8,0.6,0,0,0,0,20,20,21,20,20,2,20,21,20,21,20,1,21,21,20,21,20,1,21,21,21,20,21,1,NA,NA,NA,NA,NA,NA,NA,NA,NA,NA,NA,NA
6299,win,4/28/21,00:30:40,132,1,735325,1,2,X,1.28125,3,X,0.703125,4,X,2.0625,2,X,0.21875,3,X,0.234375,4,X,0.1875,2,X,0.09375,3,X,0.234375,4,X,0.1875,2,NA,not run,3,NA,not run,4,NA,not run,2,NA,not run,3,NA,not run,4,NA,not run,1,1,1,0.4,0.533333333,0.8,1,0.6,1,0.4,0.8,0,0,0,0,5,1,14,4,3,11,8,1,9,17,8,5,13,1,12,12,10,13,17,1,12,5,13,15,NA,NA,NA,NA,NA,NA,NA,NA,NA,NA,NA,NA
6299,mac,4/28/21,01:27:12,142,1,996679,1,2,X,1.96875,3,X,2.765625,4,X,3.4375,2,X,1.90625,3,X,2.671875,4,X,3.5625,2,X,1.53125,3,X,2.671875,4,1,3.9375,2,NA,not run,3,NA,not run,4,NA,not run,2,NA,not run,3,NA,not run,4,NA,not run,4,3,4,0.6,0.466666667,0.4,0.266666667,0.2,0.4,0.2,0.2,0,0,0,0,1,1,1,14,1,1,14,1,5,6,15,13,14,1,12,6,16,16,17,1,13,6,17,14,NA,NA,NA,NA,NA,NA,NA,NA,NA,NA,NA,NA
6299,win,4/28/21,22:52:24,136,1,924469,1,2,X,1.59375,3,X,2.015625,4,X,2.9375,2,X,0.96875,3,X,1.453125,4,X,2.9375,2,X,0.96875,3,X,1.078125,4,X,1.1875,2,NA,not run,3,NA,not run,4,NA,not run,2,NA,not run,3,NA,not run,4,NA,not run,2.0625,1,2.0625,1,0.933333333,1,1,0,0.8,1,1,0,0,0,0,12,1,1,21,21,15,14,1,5,21,21,15,21,1,14,5,21,21,19,1,14,21,21,21,NA,NA,NA,NA,NA,NA,NA,NA,NA,NA,NA,NA
6299,win,4/29/21,10:45:41,133,1,1129665,1,2,X,0.90625,3,X,1.171875,4,X,1.0625,2,X,0.96875,3,X,0.703125,4,X,1.6875,2,X,0.78125,3,X,0.890625,4,X,0.9375,2,NA,not run,3,NA,not run,4,NA,not run,2,NA,not run,3,NA,not run,4,NA,not run,2,1,2,1,1,0.4,0.4,0.4,0.866666667,1,1,0,0,0,0,8,6,10,21,10,6,18,12,17,5,15,16,17,14,19,9,16,18,19,13,20,19,14,14,NA,NA,NA,NA,NA,NA,NA,NA,NA,NA,NA,NA
6299,win,4/29/21,16:27:21,135,1,1067533,1,2,X,1.96875,3,X,1.453125,4,X,3.4375,2,X,0.96875,3,X,2.953125,4,X,2.9375,2,X,1.46875,3,X,2.953125,4,X,2.6875,2,NA,not run,3,NA,not run,4,NA,not run,2,NA,not run,3,NA,not run,4,NA,not run,3,1,3,0.4,0.266666667,0.8,0.933333333,1,0.733333333,1,0.733333333,0,0,0,0,3,6,6,6,5,14,6,4,7,18,13,9,15,8,14,14,14,10,15,8,13,16,14,8,NA,NA,NA,NA,NA,NA,NA,NA,NA,NA,NA,NA
6307,mac,5/13/21,15:05:49,187,1,771765,0,2,X,0.03125,3,X,0.046875,4,X,0.0625,2,1,1.96875,3,X,0.046875,4,X,0.0625,2,X,1.03125,3,X,0.046875,4,X,0.0625,2,NA,not run,3,NA,not run,4,NA,not run,2,NA,not run,3,NA,not run,4,NA,not run,0.1875,1,0.1875,0.8,1,0.8,0.933333333,0.6,0.866666667,0.6,0.733333333,0,0,0,0,2,2,8,15,4,4,9,2,10,13,9,9,17,3,14,12,14,12,21,3,12,12,16,14,NA,NA,NA,NA,NA,NA,NA,NA,NA,NA,NA,NA
6307,win,5/13/21,13:04:19,211,1,1031791,1,2,X,0.46875,3,X,0.328125,4,X,0.9375,2,X,0.46875,3,X,0.703125,4,X,0.4375,2,X,0.03125,3,X,0.234375,4,1,3.9375,2,NA,not run,3,NA,not run,4,NA,not run,2,NA,not run,3,NA,not run,4,NA,not run,3,1,3,0.6,1,0.4,1,0.6,1,0.4,0.8,0,0,0,0,15,8,6,13,12,15,18,13,18,5,14,19,17,10,18,16,19,16,21,10,21,1,21,21,NA,NA,NA,NA,NA,NA,NA,NA,NA,NA,NA,NA
6307,win,5/13/21,15:05:29,218,1,1091068,1,2,X,1.46875,3,1,2.953125,4,X,2.9375,2,X,0.09375,3,X,0.140625,4,X,2.0625,2,X,0.03125,3,X,0.046875,4,X,0.0625,2,NA,not run,3,NA,not run,4,NA,not run,2,NA,not run,3,NA,not run,4,NA,not run,1,1,1,0.8,0.933333333,0.6,0.933333333,0.8,0.8,0.6,0.8,0,0,0,0,9,5,5,18,19,12,16,5,5,16,19,13,19,5,5,18,20,17,21,5,5,15,21,19,NA,NA,NA,NA,NA,NA,NA,NA,NA,NA,NA,NA
6299,and,5/13/21,16:08:46,214,1,947361,1,2,X,1.96875,3,X,1.453125,4,X,1.9375,2,X,0.46875,3,1,2.953125,4,X,3.9375,2,1,1.96875,3,X,1.453125,4,X,0.9375,2,NA,not run,3,NA,not run,4,NA,not run,2,NA,not run,3,NA,not run,4,NA,not run,2,2,2,0,0.066666667,0,0,0,0.066666667,0,0.733333333,0,0,0,0,17,1,18,3,19,21,21,1,21,1,21,21,21,1,21,1,21,21,21,1,21,1,21,21,NA,NA,NA,NA,NA,NA,NA,NA,NA,NA,NA,NA
6307,mac,5/13/21,16:11:11,220,1,1042560,1,2,X,1.65625,3,X,2.015625,4,X,3.5625,2,X,0.59375,3,X,1.921875,4,X,1.9375,2,X,0.96875,3,X,1.921875,4,X,0.9375,2,NA,not run,3,NA,not run,4,NA,not run,2,NA,not run,3,NA,not run,4,NA,not run,2.0625,1,2.0625,1,1,1,1,0.6,0.866666667,0.8,0.866666667,0,0,0,0,12,8,10,16,12,12,14,10,13,19,16,17,17,10,15,10,16,19,17,9,13,15,17,18,NA,NA,NA,NA,NA,NA,NA,NA,NA,NA,NA,NA
6307,win,5/13/21,13:07:19,219,1,1362102,0,2,X,0.03125,3,X,0.046875,4,X,0.0625,2,X,0.03125,3,X,0.046875,4,X,0.0625,2,X,0.03125,3,X,0.046875,4,X,0.0625,2,NA,not run,3,NA,not run,4,NA,not run,2,NA,not run,3,NA,not run,4,NA,not run,0.5,1,0.5,0,0,0.4,0.333333333,0.2,0.2,0.4,0.066666667,0,0,0,0,21,14,21,1,18,20,15,13,15,12,15,13,18,14,17,11,16,12,14,18,15,16,15,10,NA,NA,NA,NA,NA,NA,NA,NA,NA,NA,NA,NA
6307,win,5/13/21,16:16:59,201,1,1333555,1,2,X,0.96875,3,X,1.453125,4,X,1.9375,2,X,1.03125,3,X,2.671875,4,X,1.6875,2,X,0.96875,3,X,1.453125,4,X,3.0625,2,NA,not run,3,NA,not run,4,NA,not run,2,NA,not run,3,NA,not run,4,NA,not run,1.125,1,1.125,1,0.266666667,0.4,0.266666667,0.4,0.333333333,0.4,0.066666667,0,0,0,0,14,4,13,12,13,9,19,13,20,1,19,19,15,13,14,5,17,16,16,13,14,3,14,20,NA,NA,NA,NA,NA,NA,NA,NA,NA,NA,NA,NA
6307,win,5/13/21,15:13:44,206,1,1379871,1,2,X,0.96875,3,X,1.921875,4,X,2.4375,2,X,0.46875,3,X,1.453125,4,X,0.9375,2,X,0.46875,3,X,0.140625,4,X,0.9375,2,NA,not run,3,NA,not run,4,NA,not run,2,NA,not run,3,NA,not run,4,NA,not run,2,1,2,0.6,0.866666667,1,0.866666667,1,1,0.6,0.8,0,0,0,0,4,1,7,16,4,5,7,4,7,17,9,6,11,2,7,21,14,11,19,3,11,15,18,15,NA,NA,NA,NA,NA,NA,NA,NA,NA,NA,NA,NA
6307,win,5/13/21,14:17:26,200,1,1295769,1,2,X,0.96875,3,X,1.453125,4,X,1.9375,2,X,0.84375,3,X,1.734375,4,X,2.0625,2,X,0.15625,3,X,0.421875,4,X,0.4375,2,NA,not run,3,NA,not run,4,NA,not run,2,NA,not run,3,NA,not run,4,NA,not run,4,1,4,1,1,1,0.933333333,0.8,0.866666667,0.8,0.866666667,0,0,0,0,5,1,3,21,8,3,8,1,5,19,9,5,14,2,5,15,12,14,16,2,14,15,14,9,NA,NA,NA,NA,NA,NA,NA,NA,NA,NA,NA,NA
6307,win,5/13/21,16:21:46,178,1,1373693,1,2,X,1.84375,3,1,2.953125,4,1,3.9375,2,X,1.65625,3,X,2.578125,4,X,2.9375,2,X,0.71875,3,X,1.921875,4,X,0.6875,2,NA,not run,3,NA,not run,4,NA,not run,2,NA,not run,3,NA,not run,4,NA,not run,3,4,3,0.8,1,0.8,0.933333333,0.6,0.866666667,0.8,0.733333333,0,0,0,0,7,2,11,18,10,14,14,4,14,14,17,17,18,2,18,7,18,20,20,2,20,8,20,21,NA,NA,NA,NA,NA,NA,NA,NA,NA,NA,NA,NA
6299,win,5/13/21,13:35:49,194,1,833470,1,2,X,1.96875,3,X,2.953125,4,1,3.9375,2,X,1.96875,3,X,2.953125,4,X,3.9375,2,X,1.96875,3,X,2.953125,4,X,3.9375,2,NA,not run,3,NA,not run,4,NA,not run,2,NA,not run,3,NA,not run,4,NA,not run,2,4,2,0.8,0.533333333,0.8,1,0.6,0.933333333,0.8,0.733333333,0,0,0,0,17,1,11,12,10,12,14,1,12,17,17,13,21,1,11,8,21,11,21,1,11,7,21,11,NA,NA,NA,NA,NA,NA,NA,NA,NA,NA,NA,NA
6307,win,5/13/21,17:14:54,177,1,273736,0,2,,0,3,,0,4,,0,2,,0,3,,0,4,,0,2,,0,3,,0,4,,0,2,NA,0,3,NA,0,4,NA,0,2,NA,0,3,NA,0,4,NA,0,0,0,0,0.6,0.266666667,0,0.8,0,0,0,0,0,0,0,0,20,18,19,18,20,14,NA,NA,NA,NA,NA,NA,NA,NA,NA,NA,NA,NA,NA,NA,NA,NA,NA,NA,NA,NA,NA,NA,NA,NA,NA,NA,NA,NA,NA,NA
6299,and,5/13/21,14:02:59,204,1,1098107,0,2,X,1.96875,3,1,2.953125,4,X,3.9375,2,X,1.96875,3,1,2.953125,4,X,3.9375,2,1,1.96875,3,1,2.953125,4,1,3.9375,2,NA,not run,3,NA,not run,4,NA,not run,2,NA,not run,3,NA,not run,4,NA,not run,3,1,3,0,0.866666667,0,0.866666667,0.6,0.666666667,0.4,0.866666667,0,0,0,0,6,1,14,19,16,9,21,1,16,1,21,8,8,8,9,18,13,9,16,1,13,8,13,9,NA,NA,NA,NA,NA,NA,NA,NA,NA,NA,NA,NA
6307,win,5/13/21,15:05:17,190,1,817963,1,2,X,0.96875,3,X,1.453125,4,X,2.3125,2,X,0.96875,3,X,1.078125,4,X,1.9375,2,X,0.46875,3,X,1.453125,4,X,1.9375,2,NA,not run,3,NA,not run,4,NA,not run,2,NA,not run,3,NA,not run,4,NA,not run,2,1,2,0.8,0.533333333,1,0.733333333,1,0.933333333,0.8,0.733333333,0,0,0,0,7,1,1,8,14,2,12,2,1,14,15,3,16,3,4,12,19,1,18,3,5,10,17,6,NA,NA,NA,NA,NA,NA,NA,NA,NA,NA,NA,NA
6307,win,5/13/21,15:34:26,195,1,873316,1,2,1,1.96875,3,X,1.921875,4,X,1.6875,2,X,1.78125,3,X,2.296875,4,X,2.1875,2,1,1.96875,3,X,2.765625,4,1,2.9375,2,NA,not run,3,NA,not run,4,NA,not run,2,NA,not run,3,NA,not run,4,NA,not run,4,1,4,0.8,1,0.6,0.866666667,0.8,0.933333333,0.4,0.733333333,0,0,0,0,15,1,9,16,14,9,16,1,13,7,15,7,17,1,15,16,17,7,21,1,20,2,14,5,NA,NA,NA,NA,NA,NA,NA,NA,NA,NA,NA,NA
6307,win,5/13/21,15:32:31,209,1,1040679,1,2,X,1.96875,3,X,2.953125,4,X,2.4375,2,X,0.90625,3,X,0.703125,4,X,1.9375,2,X,0.46875,3,X,1.078125,4,X,0.4375,2,NA,not run,3,NA,not run,4,NA,not run,2,NA,not run,3,NA,not run,4,NA,not run,3,1,3,0.8,1,1,1,0.6,0.8,0.4,0.8,0,0,0,0,11,1,11,16,16,13,17,1,15,21,18,11,18,1,16,14,21,7,21,1,19,6,21,5,NA,NA,NA,NA,NA,NA,NA,NA,NA,NA,NA,NA
6307,win,5/13/21,15:50:12,188,1,994411,0,2,X,0.84375,3,X,2.859375,4,X,2.9375,2,1,1.96875,3,1,2.671875,4,1,2.9375,2,1,0.96875,3,X,2.953125,4,1,3.8125,2,NA,not run,3,NA,not run,4,NA,not run,2,NA,not run,3,NA,not run,4,NA,not run,3,4,3,0,0.266666667,0.6,0.4,0.4,0.266666667,0.4,0.6,0,0,0,0,17,13,15,4,18,17,21,16,18,1,19,20,20,16,19,1,20,21,20,21,20,1,19,19,NA,NA,NA,NA,NA,NA,NA,NA,NA,NA,NA,NA
6307,win,5/13/21,20:03:08,185,1,1467407,0,2,1,1.96875,3,1,2.859375,4,X,3.9375,2,X,0.84375,3,X,2.296875,4,1,3.9375,2,X,0.21875,3,1,2.953125,4,X,2.0625,2,NA,not run,3,NA,not run,4,NA,not run,2,NA,not run,3,NA,not run,4,NA,not run,0.5,1,0.5,1,1,1,0.933333333,0.8,0.8,0.8,0.866666667,0,0,0,0,3,1,2,20,2,2,16,12,16,19,20,13,19,17,19,16,20,19,21,20,21,15,21,20,NA,NA,NA,NA,NA,NA,NA,NA,NA,NA,NA,NA
6307,win,5/13/21,19:09:33,210,1,1436340,1,2,X,1.15625,3,X,1.453125,4,X,0.9375,2,X,0.96875,3,X,2.296875,4,X,2.8125,2,X,0.96875,3,X,2.671875,4,X,0.9375,2,NA,not run,3,NA,not run,4,NA,not run,2,NA,not run,3,NA,not run,4,NA,not run,1,1,1,0.2,0.733333333,0.4,0.466666667,0.2,0.733333333,0.4,0.866666667,0,0,0,0,8,1,14,5,8,19,5,1,4,5,8,17,5,1,13,9,7,15,8,1,12,11,8,15,NA,NA,NA,NA,NA,NA,NA,NA,NA,NA,NA,NA
6307,mac,5/13/21,18:43:24,186,1,1007977,1,2,X,1.53125,3,X,1.734375,4,1,3.8125,2,1,0.46875,3,1,2.953125,4,1,3.9375,2,X,1.90625,3,1,2.953125,4,X,3.8125,2,NA,not run,3,NA,not run,4,NA,not run,2,NA,not run,3,NA,not run,4,NA,not run,1.78125,1,1.78125,0.6,1,0.6,1,0.8,0,0.6,0.8,0,0,0,0,12,3,5,12,10,12,14,5,12,12,13,12,14,4,13,4,13,15,15,2,12,12,14,13,NA,NA,NA,NA,NA,NA,NA,NA,NA,NA,NA,NA
6307,win,5/13/21,20:11:55,191,1,929336,0,2,X,1.96875,3,X,2.953125,4,X,3.9375,2,X,1.90625,3,X,1.453125,4,X,3.9375,2,X,0.96875,3,X,1.453125,4,X,1.9375,2,NA,not run,3,NA,not run,4,NA,not run,2,NA,not run,3,NA,not run,4,NA,not run,4,3,4,1,1,1,1,1,1,1,1,0,0,0,0,7,2,11,21,11,6,8,2,11,21,8,8,13,3,13,21,11,11,17,2,14,21,15,13,NA,NA,NA,NA,NA,NA,NA,NA,NA,NA,NA,NA
6307,win,5/13/21,21:17:14,192,1,1270321,1,2,X,1.96875,3,X,2.953125,4,X,2.9375,2,X,0.53125,3,X,0.421875,4,X,2.0625,2,X,0.21875,3,X,0.984375,4,X,1.8125,2,NA,not run,3,NA,not run,4,NA,not run,2,NA,not run,3,NA,not run,4,NA,not run,3,2,3,0.6,0.4,0.8,0.933333333,0.8,1,0.6,0.866666667,0,0,0,0,11,5,5,6,10,16,16,6,9,16,16,10,15,5,6,14,14,3,18,4,5,15,16,4,NA,NA,NA,NA,NA,NA,NA,NA,NA,NA,NA,NA
6307,win,5/13/21,20:20:32,202,1,1845753,1,2,X,1.96875,3,X,2.953125,4,X,3.9375,2,X,1.96875,3,X,2.953125,4,X,3.9375,2,X,1.46875,3,X,2.203125,4,X,3.1875,2,NA,not run,3,NA,not run,4,NA,not run,2,NA,not run,3,NA,not run,4,NA,not run,2,4,2,1,1,1,1,1,1,0.8,0.933333333,0,0,0,0,1,1,2,21,2,2,7,1,3,21,6,3,12,1,4,21,12,6,18,1,11,14,16,11,NA,NA,NA,NA,NA,NA,NA,NA,NA,NA,NA,NA
6307,mac,5/13/21,19:24:13,217,1,1199290,1,2,X,1.40625,3,X,1.828125,4,X,1.9375,2,X,0.96875,3,X,1.828125,4,X,0.9375,2,X,0.34375,3,X,1.078125,4,X,2.3125,2,NA,not run,3,NA,not run,4,NA,not run,2,NA,not run,3,NA,not run,4,NA,not run,1.875,1,1.875,1,0.8,0.6,0.866666667,0.6,0.8,0.6,0.733333333,0,0,0,0,9,4,12,15,12,6,14,9,15,7,15,14,17,7,16,8,16,14,16,6,15,7,17,14,NA,NA,NA,NA,NA,NA,NA,NA,NA,NA,NA,NA
6307,win,5/13/21,19:46:18,196,1,1007890,0,2,X,0.09375,3,X,0.234375,4,X,0.0625,2,X,0.03125,3,X,0.046875,4,X,0.0625,2,X,0.03125,3,X,0.046875,4,X,0.0625,2,NA,not run,3,NA,not run,4,NA,not run,2,NA,not run,3,NA,not run,4,NA,not run,0.5,1,0.5,0.8,0.2,0.8,0.466666667,0.6,0.133333333,0.2,0.133333333,0,0,0,0,10,1,12,9,11,1,10,1,12,8,11,1,12,1,11,4,12,1,16,1,11,1,14,3,NA,NA,NA,NA,NA,NA,NA,NA,NA,NA,NA,NA
6307,win,5/13/21,22:52:50,184,1,1123836,1,2,X,1.96875,3,X,2.953125,4,X,3.9375,2,X,1.96875,3,1,2.953125,4,X,3.9375,2,X,1.96875,3,X,2.953125,4,X,3.9375,2,NA,not run,3,NA,not run,4,NA,not run,2,NA,not run,3,NA,not run,4,NA,not run,4,2,4,0.6,0.866666667,0.8,0.733333333,1,0.733333333,0.8,0.733333333,0,0,0,0,6,1,1,8,6,18,11,1,1,9,7,19,17,1,1,14,16,21,21,1,1,12,21,21,NA,NA,NA,NA,NA,NA,NA,NA,NA,NA,NA,NA
6307,mac,5/14/21,01:46:12,183,1,1109381,1,2,X,0.96875,3,1,2.953125,4,1,1.9375,2,X,1.96875,3,X,1.453125,4,X,2.1875,2,X,0.15625,3,X,0.421875,4,X,0.5625,2,NA,not run,3,NA,not run,4,NA,not run,2,NA,not run,3,NA,not run,4,NA,not run,1,1,1,0.8,0.533333333,0.8,0.933333333,1,0.933333333,0.8,0.666666667,0,0,0,0,11,1,12,9,13,13,15,1,13,4,21,21,21,1,15,14,21,21,21,1,16,9,21,21,NA,NA,NA,NA,NA,NA,NA,NA,NA,NA,NA,NA
6307,win,5/14/21,02:11:46,198,1,990006,1,2,X,1.96875,3,1,2.953125,4,1,3.9375,2,1,1.96875,3,X,2.203125,4,X,2.9375,2,X,1.96875,3,X,2.953125,4,1,3.9375,2,NA,not run,3,NA,not run,4,NA,not run,2,NA,not run,3,NA,not run,4,NA,not run,3,3,3,0.6,0.466666667,1,0.866666667,0.6,0.866666667,0.8,0.8,0,0,0,0,17,6,11,6,17,18,16,4,5,19,7,5,15,7,11,10,6,15,14,7,9,16,12,14,NA,NA,NA,NA,NA,NA,NA,NA,NA,NA,NA,NA
6307,win,5/14/21,12:25:11,221,1,874715,1,2,X,1.34375,3,X,2.390625,4,X,2.9375,2,X,0.46875,3,X,0.328125,4,X,2.4375,2,X,0.46875,3,X,0.703125,4,X,0.9375,2,NA,not run,3,NA,not run,4,NA,not run,2,NA,not run,3,NA,not run,4,NA,not run,0.5,1,0.5,0.8,0.866666667,0.6,1,0.6,1,0.4,0.933333333,0,0,0,0,1,1,9,21,1,1,12,1,14,13,13,13,21,1,21,5,20,17,21,21,21,21,21,21,NA,NA,NA,NA,NA,NA,NA,NA,NA,NA,NA,NA
6307,win,5/14/21,23:32:48,203,1,904105,1,2,X,0.46875,3,1,2.953125,4,X,2.9375,2,X,0.03125,3,X,0.046875,4,X,0.0625,2,X,0.03125,3,X,0.046875,4,X,0.0625,2,NA,not run,3,NA,not run,4,NA,not run,2,NA,not run,3,NA,not run,4,NA,not run,1.5,1,1.5,0.8,1,0.8,0.933333333,0.8,0.933333333,1,0.866666667,0,0,0,0,5,7,6,18,15,6,17,5,14,17,18,8,20,20,7,17,18,9,20,6,6,15,18,13,NA,NA,NA,NA,NA,NA,NA,NA,NA,NA,NA,NA
6307,win,5/15/21,23:13:56,175,1,826812,1,2,X,0.21875,3,X,0.328125,4,X,3.0625,2,X,1.40625,3,X,0.046875,4,X,2.0625,2,X,1.03125,3,X,0.796875,4,X,2.5625,2,NA,not run,3,NA,not run,4,NA,not run,2,NA,not run,3,NA,not run,4,NA,not run,2,1,2,1,1,1,0.933333333,0.8,0.933333333,0.4,1,0,0,0,0,3,1,2,18,21,11,10,1,9,11,21,13,21,1,16,11,21,16,21,1,18,1,21,21,NA,NA,NA,NA,NA,NA,NA,NA,NA,NA,NA,NA
6307,win,5/16/21,10:16:08,179,1,1010311,1,2,X,1.53125,3,X,1.640625,4,X,0.9375,2,X,0.03125,3,X,0.046875,4,X,0.0625,2,X,0.28125,3,X,0.046875,4,X,0.0625,2,NA,not run,3,NA,not run,4,NA,not run,2,NA,not run,3,NA,not run,4,NA,not run,3,2,3,0.8,1,1,0.933333333,0.6,0.933333333,0.4,0.8,0,0,0,0,3,6,8,17,16,5,9,10,10,17,8,10,16,8,15,13,18,14,19,17,14,4,15,17,NA,NA,NA,NA,NA,NA,NA,NA,NA,NA,NA,NA
6299,and,5/16/21,11:55:05,208,1,1284271,0,2,X,1.96875,3,X,2.953125,4,X,3.9375,2,X,1.96875,3,1,2.953125,4,X,3.8125,2,X,1.90625,3,X,2.953125,4,X,3.5625,2,NA,not run,3,NA,not run,4,NA,not run,2,NA,not run,3,NA,not run,4,NA,not run,4,4,4,0.8,1,1,0.866666667,0.8,0.866666667,1,0.666666667,0,0,0,0,5,1,10,16,4,2,8,2,10,17,10,6,15,3,14,13,14,14,20,2,14,11,18,19,NA,NA,NA,NA,NA,NA,NA,NA,NA,NA,NA,NA
6307,win,5/16/21,16:18:03,207,1,1468317,1,2,X,1.46875,3,X,2.203125,4,X,3.5625,2,X,1.40625,3,X,1.828125,4,X,1.9375,2,X,0.96875,3,X,1.546875,4,X,2.0625,2,NA,not run,3,NA,not run,4,NA,not run,2,NA,not run,3,NA,not run,4,NA,not run,2,3,2,1,1,0.8,1,1,1,0.6,0.8,0,0,0,0,3,1,6,21,4,1,9,1,7,17,10,3,10,4,11,20,13,9,15,6,13,12,14,8,NA,NA,NA,NA,NA,NA,NA,NA,NA,NA,NA,NA